primary_title,tconst
foodfight!,tt0249516
on the road,tt0337692
on the road,tt4339118
on the road,tt5647250
the secret life of walter mitty,tt0359950
a walk among the tombstones,tt0365907
jurassic world,tt0369610
the rum diary,tt0376136
the three stooges,tt0383010
anderson's cross,tt0393049
tangled,tt0398286
john carter,tt0401729
dinner for schmucks,tt0427152
the a-team,tt0429493
the possession,tt0431021
real steel,tt0433035
the giver,tt0435651
toy story 3,tt0435761
alita: battle angel,tt0437086
lincoln,tt0443272
before we go,tt0443465
before we go,tt4453750
the history of love,tt0443533
scott pilgrim vs. the world,tt0446029
shazam!,tt0448115
puss in boots,tt0448694
wonder woman,tt0451279
wonder woman,tt4028068
wonder woman,tt4283448
42,tt0453562
life of pi,tt0454876
the crazies,tt0455407
the equalizer,tt0455944
captain america: the first avenger,tt0458339
sin city: a dame to kill for,tt0458481
house at the end of the drive,tt0464054
piranha 3d,tt0464154
margaret,tt0466893
ex machina,tt0470752
tower heist,tt0471042
the smurfs,tt0472181
the mechanic,tt0472399
"hail, caesar!",tt0475290
unstoppable,tt0477080
unstoppable,tt3070502
unstoppable,tt9225192
unstoppable,tt9906218
the tree of life,tt0478304
ant-man,tt0478970
season of the witch,tt0479997
the losers,tt0480255
the losers,tt3746918
hall pass,tt0480687
the croods,tt0481499
barry munday,tt0482461
red tails,tt0485985
silence,tt0490215
silence,tt1731755
silence,tt2275949
silence,tt3425108
something borrowed,tt0491152
tulip fever,tt0491203
furry vengeance,tt0492389
chips,tt0493405
chips,tt2011351
ramona and beezus,tt0493949
rings,tt0498381
a thousand words,tt0763831
escape from planet earth,tt0765446
what's your number?,tt0770703
samsara,tt0770802
man of steel,tt0770828
drive,tt0780504
drive,tt1709105
the wolfman,tt0780653
the boxtrolls,tt0787474
the man who knew infinity,tt0787524
the incredible burt wonderstone,tt0790628
dallas buyers club,tt0790636
jack reacher,tt0790724
r.i.p.d.,tt0790736
clash of the titans,tt0800320
thor,tt0800369
red dog,tt0803061
red dog,tt4706780
warcraft,tt0803096
it's kind of a funny story,tt0804497
the mule,tt0804509
the mule,tt2130270
the mule,tt7959026
tooth fairy,tt0808510
tooth fairy,tt7906260
jack and jill,tt0810913
take me home tonight,tt0810922
percy jackson & the olympians: the lightning thief,tt0814255
she's out of my league,tt0815236
the book thief,tt0816442
conan the barbarian,tt0816462
interstellar,tt0816692
world war z,tt0816711
flipped,tt0817177
flipped,tt2388050
valentine's day,tt0817230
priest,tt0822847
dracula untold,tt0829150
godzilla,tt0831387
hotel transylvania,tt0837562
pet sematary,tt0837563
the town,tt0840361
the kids are all right,tt0842926
the avengers,tt0848228
epic,tt0848537
risen,tt0850709
risen,tt3231054
the sweeney,tt0857190
mr. peabody & sherman,tt0864835
my soul to take,tt0872230
red state,tt0873886
please give,tt0878835
eat pray love,tt0879870
sanctum,tt0881320
snitch,tt0882977
snitch,tt0882977
the wedding ringer,tt0884732
the switch,tt0889573
letters to juliet,tt0892318
how to train your dragon,tt0892769
shrek forever after,tt0892791
the hobbit: an unexpected journey,tt0903624
the thing,tt0905372
the legend of tarzan,tt0918940
the dead undead,tt0923653
rabbit hole,tt0935075
the last airbender,tt0938283
freaky deaky,tt0938305
salt,tt0944835
source code,tt0945513
black swan,tt0947798
green zone,tt0947810
the amazing spider-man,tt0948470
the killer inside me,tt0954947
robin hood,tt0955308
robin hood,tt0955308
robin hood,tt2363363
robin hood,tt2363363
robin hood,tt4532826
robin hood,tt4532826
reach me,tt0959306
the sorcerer's apprentice,tt0963966
the fighter,tt0964517
the conspirator,tt0968264
hugo,tt0970179
hugo,tt7496196
little fockers,tt0970866
justice league,tt0974015
sucker punch,tt0978764
lottery ticket,tt0979434
the chronicles of narnia: the voyage of the dawn treader,tt0980970
the adventures of tintin,tt0983193
machete,tt0985694
dear john,tt0989757
detention,tt0990363
detention,tt1701990
the green hornet,tt0990407
hanna,tt0993842
the wolf of wall street,tt0993846
straw dogs,tt0999913
megamind,tt1001526
the young messiah,tt1002563
the iron lady,tt1007029
the little prince,tt10075374
the little prince,tt1754656
the little prince,tt5317732
knight and day,tt1013743
dylan dog: dead of night,tt1013860
alice in wonderland,tt1014759
alice in wonderland,tt2049386
child 44,tt1014763
the sisterhood of night,tt1015471
the runaways,tt1017451
the runaways,tt6168914
our brand is crisis,tt1018765
selma,tt1020072
centurion,tt1020558
argo,tt1024648
secretariat,tt1028576
poltergeist,tt1029360
kidnap,tt10300662
kidnap,tt1458169
hit & run,tt10300710
the warrior's way,tt1032751
the descendants,tt1033575
the descendants,tt5838908
the eagle,tt1034389
suspiria,tt1034415
the book of eli,tt1037705
legion,tt1038686
the bounty hunter,tt1038919
the nutcracker in 3d,tt1041804
the legend of hercules,tt1043726
silver linings playbook,tt1045658
parental guidance,tt1047540
goosebumps,tt1051904
repo men,tt1053424
the big year,tt1053810
life as we know it,tt1055292
boyhood,tt1065073
water for elephants,tt1067583
monte carlo,tt1067774
footloose,tt1068242
ghost rider: spirit of vengeance,tt1071875
winchester,tt1072748
skyfall,tt1074638
jonah hex,tt1075747
dark shadows,tt1077368
the belko experiment,tt1082807
eddie the eagle,tt1083452
lights out,tt1085448
lights out,tt1646127
lights out,tt2611518
lights out,tt4786282
the prince,tt1085492
blended,tt1086772
lone survivor,tt1091191
noah,tt1091821
noah,tt1959490
noah,tt2109176
paul,tt1092026
paul,tt5132504
shanghai,tt1092634
shanghai,tt2072227
the darkest hour,tt1093357
the darkest hour,tt4249090
killers,tt1103153
killers,tt2409300
tron: legacy,tt1104001
growing up smith,tt1105355
ca$h,tt1106860
paddington,tt1109624
trance,tt1111235
trance,tt1111235
trance,tt1924429
trance,tt1924429
jackass 3d,tt1116184
blue valentine,tt1120985
seventh son,tt1121096
the ides of march,tt1124035
free state of jones,tt1124037
love ranch,tt1125929
big eyes,tt1126590
big eyes,tt4317898
burlesque,tt1126591
burlesque,tt1586713
morning glory,tt1126618
circle,tt1129412
circle,tt3118452
shutter island,tt1130884
the 5th quarter,tt1130964
green lantern,tt1133985
dwegons and leprechauns,tt1134666
takers,tt1135084
death wish,tt1137450
accidental love,tt1137470
the ghost writer,tt1139328
frankenweenie,tt1142977
after,tt1147681
after,tt1799508
after,tt2404163
after,tt4126476
beastly,tt1152398
freakonomics,tt1152822
the joneses,tt1152830
the joneses,tt4360484
the karate kid,tt1155076
the rite,tt1161864
biutiful,tt1164999
the hobbit: the desolation of smaug,tt1170358
baggage claim,tt1171222
all good things,tt1175709
a walk in the woods,tt1178665
from paris with love,tt1179034
a nightmare on elm street,tt1179056
10 cloverfield lane,tt1179933
wuthering heights,tt1181614
wuthering heights,tt5184904
you will meet a tall dark stranger,tt1182350
welcome to the rileys,tt1183923
my name is khan,tt1188996
my name is khan,tt3112992
the lincoln lawyer,tt1189340
rango,tt1192628
step up 3d,tt1193631
the bourne legacy,tt1194173
casino jack,tt1194417
the five-year engagement,tt1195478
diary of a wimpy kid,tt1196141
pound of flesh,tt1196338
pound of flesh,tt3488328
pound of flesh,tt3896284
kites,tt1198101
the muppets,tt1204342
last vegas,tt1204975
ouija,tt1204977
jack ryan: shadow recruit,tt1205537
out of the furnace,tt1206543
blood done sign my name,tt1210039
moneyball,tt1210166
the lone ranger,tt1210819
doctor strange,tt1211837
middle of nowhere,tt1211890
escape plan,tt1211956
the lion of judah,tt1212022
hereafter,tt1212419
the lost city of z,tt1212428
the back-up plan,tt1212436
lawless,tt1212450
first man,tt1213641
first man,tt7027210
the world's end,tt1213663
cars 2,tt1216475
kill the messenger,tt1216491
leap year,tt1216492
leap year,tt1537401
womb,tt1216520
brave,tt1217209
limitless,tt1219289
limitless,tt4597838
limitless,tt6084030
legend of the guardians: the owls of ga'hoole,tt1219342
ghost in the shell,tt1219827
resident evil: afterlife,tt1220634
zookeeper,tt1222817
viy,tt1224378
get him to the greek,tt1226229
edge of darkness,tt1226273
the debt,tt1226753
the debt,tt2698966
beautiful boy,tt1226837
beautiful boy,tt1533013
"fat, sick & nearly dead",tt1227378
iron man 2,tt1228705
let me in,tt1228987
let me in,tt7122852
anchorman 2: the legend continues,tt1229340
collide,tt1230120
collide,tt2126235
same kind of different as me,tt1230168
due date,tt1231583
hot tub time machine,tt1231587
that's my boy,tt1232200
drones,tt1232775
drones,tt2179027
21 jump street,tt1232829
brighton rock,tt1233192
ironclad,tt1233301
red dawn,tt1234719
robocop,tt1234721
the future,tt1235170
wild target,tt1235189
broken city,tt1235522
wind walkers,tt1236254
your highness,tt1240982
locker 13,tt1241226
i spit on your grave,tt1242432
we need to talk about kevin,tt1242460
the tourist,tt1243957
aloha,tt1243974
extraordinary measures,tt1244659
conviction,tt1244754
conviction,tt7799386
this is the end,tt1245492
red,tt1245526
red,tt2181948
red,tt4170206
red,tt8851190
snatched,tt1245534
snatched,tt2334871
unforgettable,tt1247436
unforgettable,tt2187167
unforgettable,tt3462710
unforgettable,tt5615904
high school,tt1247667
kick-ass,tt1250777
salvation boulevard,tt1251743
300: rise of an empire,tt1253863
immortals,tt1253864
holmes & watson,tt1255919
incendies,tt1255953
the man with the iron fists,tt1258972
the cabin in the woods,tt1259521
den of thieves,tt1259528
sex and the city 2,tt1261945
scream 4,tt1262416
the roommate,tt1265990
hercules,tt1267297
hercules,tt3985956
a very harold & kumar 3d christmas,tt1268799
the devil's double,tt1270262
don't be afraid of the dark,tt1270761
venom,tt1270797
venom,tt1931601
x-men: first class,tt1270798
2 guns,tt1272878
small apartments,tt1272886
london fields,tt1273221
the spy next door,tt1273678
the tempest,tt1274300
the tempest,tt1683003
the tempest,tt3840898
dying of the light,tt1274586
looper,tt1276104
madagascar 3: europe's most wanted,tt1277953
date night,tt1279935
fort mccoy,tt1282046
easy a,tt1282140
bad teacher,tt1284575
the strangers: prey at night,tt1285009
the social network,tt1285016
cats & dogs: the revenge of kitty galore,tt1287468
evil dead,tt1288558
ghostbusters,tt1289401
n-secure,tt1289419
teenage mutant ninja turtles,tt1291150
warrior,tt1291584
how to be single,tt1292566
xxx: return of xander cage,tt1293847
the last song,tt1294226
the fp,tt1296373
the watch,tt1298649
pirates of the caribbean: on stranger tides,tt1298650
iron man 3,tt1300854
kung fu panda 2,tt1302011
yogi bear,tt1302067
standing ovation,tt1303803
our family wedding,tt1305583
mars needs moms,tt1305591
50/50,tt1306980
50/50,tt1734060
seeking a friend for the end of the world,tt1307068
go for it!,tt1307926
bullet to the head,tt1308729
animal kingdom,tt1313092
3 backyards,tt1314190
devil,tt1314655
there be dragons,tt1316616
rise of the planet of the apes,tt1318514
it's a wonderful afterlife,tt1319716
the last exorcism,tt1320244
the expendables,tt1320253
gulliver's travels,tt1320261
the reef,tt1320291
death at a funeral,tt1321509
the beaver,tt1321860
the lovers,tt1321869
the lovers,tt5770620
gangster squad,tt1321870
august: osage county,tt1322269
going the distance,tt1322312
frozen,tt1323045
frozen,tt1611845
frozen,tt2294629
despicable me,tt1323594
the twilight saga: eclipse,tt1325004
the lucky one,tt1327194
something wicked,tt1327601
cyrus,tt1327709
cyrus,tt1336617
lee daniels' the butler,tt1327773
death calls,tt1328873
movie 43,tt1333125
never let me go,tt1334260
arthur,tt1334512
the perfect host,tt1334553
the perfect host,tt6026954
47 ronin,tt1335975
rock of ages,tt1336608
tinker tailor soldier spy,tt1340800
four lions,tt1341167
butterfly,tt1342096
butterfly,tt3919820
butterfly,tt9121568
the great gatsby,tt1343092
dredd,tt1343727
the dark knight rises,tt1345836
redemption,tt1350546
redemption,tt1893256
redemption,tt3104228
redemption,tt3279418
redemption,tt8666442
jack the giant slayer,tt1351685
if i stay,tt1355630
the infiltrator,tt1355631
passengers,tt1355644
black mass,tt1355683
rust,tt1360826
rust,tt1833781
rust,tt3490320
rust,tt7467324
the extra man,tt1361313
tomb raider,tt1365519
lowriders,tt1366338
the sitter,tt1366344
the sitter,tt4697228
the cold light of day,tt1366365
cloud atlas,tt1371111
this is where i leave you,tt1371150
made in dagenham,tt1371155
coriolanus,tt1372686
coriolanus,tt3313066
stranded,tt1372689
stranded,tt2268573
stranded,tt4678134
the awakening,tt1373405
the awakening,tt1687901
pride and prejudice and zombies,tt1374989
upside down,tt1374992
upside down,tt1713561
upside down,tt2105043
inception,tt1375666
grown ups,tt1375670
gunless,tt1376195
the adventurer: the curse of the midas box,tt1376213
the adjustment bureau,tt1385826
cop out,tt1385867
the other guys,tt1386588
suicide squad,tt1386697
total recall,tt1386703
downsizing,tt1389072
we bought a zoo,tt1389137
when the bough breaks,tt1389139
in the heart of the sea,tt1390411
the lost medallion: the adventures of billy stone,tt1390539
why did i get married too?,tt1391137
the hunger games,tt1392170
mad max: fury road,tt1392190
marmaduke,tt1392197
prisoners,tt1392214
it,tt1396484
taken 2,tt1397280
journey 2: the mysterious island,tt1397514
straight outta compton,tt1398426
transformers: dark of the moon,tt1399103
winter's bone,tt1399683
unknown,tt1401152
unknown,tt2402731
happy feet two,tt1402488
hesher,tt1403177
wolves,tt1403241
wolves,tt4623856
true grit,tt1403865
remember me,tt1403981
remember me,tt4843358
for colored girls,tt1405500
just wright,tt1407061
star trek into darkness,tt1408101
ride along,tt1408253
ride along,tt2263520
men in black 3,tt1409024
no strings attached,tt1411238
riddick,tt1411250
bucky larson: born to be a star,tt1411664
the hangover part ii,tt1411697
hop,tt1411704
the best exotic marigold hotel,tt1412386
table 19,tt1412528
12 strong,tt1413492
paranoia,tt1413495
paranoia,tt1904995
tracker,tt1414378
you again,tt1414382
kill the irishman,tt1416801
"i, frankenstein",tt1418377
beneath hill 60,tt1418646
somewhere,tt1421051
a lonely place to die,tt1422136
barney's version,tt1423894
stone,tt1423995
stone,tt2156825
predators,tt1424381
black nativity,tt1425922
hansel & gretel: witch hunters,tt1428538
the wolverine,tt1430132
arthur christmas,tt1430607
brick mansions,tt1430612
big miracle,tt1430615
the pirates! band of misfits,tt1430626
deadpool,tt1431045
forget me not,tt1431065
forget me not,tt1788440
forget me not,tt4134856
forget me not,tt4192636
forget me not,tt5512456
forget me not,tt8903540
another year,tt1431181
another year,tt3508808
another year,tt5886728
faster,tt1433108
the apparition,tt1433822
the apparition,tt6559390
rio,tt1436562
rio,tt2614250
rio,tt5734820
fright night,tt1438176
charlie st. cloud,tt1438254
battleship,tt1440129
a little bit of heaven,tt1440161
submarine,tt1440292
the american,tt1440728
martha marcy may marlene,tt1441326
under the skin,tt1441395
quartet,tt1441951
testament of youth,tt1441953
rise of the guardians,tt1446192
prometheus,tt1446714
my girlfriend's boyfriend,tt1447793
killer elite,tt1448755
winnie the pooh,tt1449283
mooz-lum,tt1450328
monsters university,tt1453405
the help,tt1454029
gravity,tt1454468
the wall,tt1455256
the wall,tt1745686
the wall,tt4218696
the wall,tt6060874
the conjuring,tt1457767
the next three days,tt1458175
reign of assassins,tt1460743
henry & me,tt1460798
dream house,tt1462041
letters to god,tt1462054
buried,tt1462758
buried,tt4540326
the odd life of timothy green,tt1462769
"big mommas: like father, like son",tt1464174
i am number four,tt1464540
stake land,tt1464580
joy,tt1465490
joy,tt2446980
joy,tt6180144
joy,tt8917752
baywatch,tt1469304
redemption road,tt1470020
macgruber,tt1470023
monsters,tt1470827
monsters,tt5253186
max steel,tt1472584
aquaman,tt1477834
cedar rapids,tt1477837
bridesmaids,tt1478338
attack the block,tt1478964
eddie: the sleepwalking cannibal,tt1480658
logan,tt1483010
logan,tt3315342
oblivion,tt1483013
oblivion,tt1876409
8: the mormon proposition,tt1484522
the greatest showman,tt1485796
red riding hood,tt1486185
the raven,tt1486192
5 days of war,tt1486193
khumba,tt1487931
zambezia,tt1488181
the change-up,tt1488555
the forest,tt1488602
the forest,tt3387542
the forest,tt3592218
the forest,tt4982356
central intelligence,tt1489889
the lego movie,tt1490017
the iceman,tt1491044
foreign letters,tt1492841
the gift,tt1494821
the gift,tt1644694
the gift,tt1993416
the gift,tt3474788
the gift,tt4178092
the gift,tt4420962
the gift,tt6354904
the gift,tt8474974
the paperboy,tt1496422
restless,tt1498569
restless,tt8136112
horrible bosses,tt1499658
drive angry,tt1502404
halloween,tt1502407
fantastic four,tt1502712
haywire,tt1506999
cargo,tt1507261
cargo,tt3860916
cargo,tt5207838
cargo,tt5492502
cargo,tt6680792
le havre,tt1508675
the three musketeers,tt1509767
the three musketeers,tt3274666
griff the invisible,tt1509803
super,tt1512235
super,tt1807022
sherlock holmes: a game of shadows,tt1515091
3,tt1517177
3,tt2123129
3,tt2379653
3,tt5618160
the host,tt1517260
the host,tt5537146
a star is born,tt1517451
a star is born,tt1776364
meek's cutoff,tt1518812
area 51,tt1519461
the oogieloves in the big balloon adventure,tt1520498
anonymous,tt1521197
a true story,tt1524083
contraband,tt1524137
the vatican tapes,tt1524575
vacation,tt1524930
grabbers,tt1525366
melancholia,tt1527186
melancholia,tt5797456
exodus: gods and kings,tt1528100
sea rex 3d: journey to a prehistoric world,tt1529567
trust,tt1529572
trust,tt5541186
trust,tt8779022
everything must go,tt1531663
beginners,tt1532503
battle of the year,tt1532958
beyond the black rainbow,tt1534085
elysium,tt1535108
elysium,tt1783264
captain phillips,tt1535109
hope springs,tt1535438
the son of no one,tt1535612
the divide,tt1535616
the divide,tt2254110
the divide,tt4121152
paranormal activity 2,tt1536044
the mortal instruments: city of bones,tt1538403
blair witch,tt1540011
the guard,tt1540133
snow flower and the secret fan,tt1541995
127 hours,tt1542344
the grace card,tt1544600
vamps,tt1545106
vamps,tt1719676
without men,tt1547090
premium rush,tt1547234
another earth,tt1549572
the last stand,tt1549920
winnie mandela,tt1551641
a better life,tt1554091
a better life,tt2027265
born of war,tt1554921
country strong,tt1555064
mary queen of scots,tt1555069
mary queen of scots,tt2328900
beautiful creatures,tt1559547
the master,tt1560747
the master,tt4117096
the master,tt4273106
i want your money,tt1560957
the devil inside,tt1560985
higher ground,tt1562568
amigo,tt1562847
one day,tt1563738
one day,tt1616203
one day,tt4051858
one day,tt6168298
one day,tt6214734
one day,tt8274146
overboard,tt1563742
dolphin tale,tt1564349
just go with it,tt1564367
skyline,tt1564585
for greater glory: the true story of cristiada,tt1566501
you got served: beat the world,tt1568139
man on a ledge,tt1568338
some guy who kills people,tt1568341
the girl with the dragon tattoo,tt1568346
war horse,tt1568911
war horse,tt3313072
closure,tt1570983
closure,tt2170576
closure,tt2405862
closure,tt4338136
closure,tt7385812
tiny furniture,tt1570989
a dangerous method,tt1571222
mortal engines,tt1571234
the skeleton twins,tt1571249
texas chainsaw 3d,tt1572315
housefull,tt1573072
housefull,tt4991978
the hit list,tt1575694
skin trade,tt1576702
skin trade,tt1641841
the dilemma,tt1578275
house at the end of the street,tt1582507
larry crowne,tt1583420
g.i. joe: retaliation,tt1583421
the last godfather,tt1584131
what to expect when you're expecting,tt1586265
machine gun preacher,tt1586752
maleficent,tt1587310
warm bodies,tt1588173
"jeff, who lives at home",tt1588334
the commuter,tt1590193
insidious,tt1591095
act of valor,tt1591479
lockout,tt1592525
lol,tt1592873
the innkeepers,tt1594562
norm of the north,tt1594972
fast five,tt1596343
soul surfer,tt1596346
this means war,tt1596350
the big short,tt1596363
the woman in black,tt1596365
contagion,tt1598778
one for the money,tt1598828
safe house,tt1599348
abduction,tt1600195
abduction,tt2447982
abduction,tt5943940
abduction,tt7867360
the drop,tt1600196
the grey,tt1601913
albert nobbs,tt1602098
only god forgives,tt1602613
amour,tt1602620
a fine step,tt1604100
prom,tt1604171
american reunion,tt1605630
the visit,tt1605776
the visit,tt3567288
midnight in paris,tt1605783
a good day to die hard,tt1606378
the vow,tt1606389
the other dream team,tt1606829
zoolander 2,tt1608290
absentia,tt1610996
abraham lincoln: vampire hunter,tt1611224
re-kill,tt1612319
rubber,tt1612774
savages,tt1615065
margin call,tt1615147
the foreigner,tt1615160
the foreigner,tt2170623
alvin and the chipmunks: chipwrecked,tt1615918
j. edgar,tt1616195
jupiter ascending,tt1617661
dum maaro dum,tt1618430
the last witch hunter,tt1618442
jackie,tt1619029
jackie,tt1757772
jackie,tt2108546
a wrinkle in time,tt1620680
bleed for this,tt1620935
free birds,tt1621039
think like a man,tt1621045
30 minutes or less,tt1622547
final destination 5,tt1622979
infected,tt1622991
infected,tt1893415
oz the great and powerful,tt1623205
paranorman,tt1623288
stitches,tt1623771
stitches,tt2126362
stitches,tt7319312
stitches,tt8746682
young adult,tt1625346
independence day: resurgence,tt1628841
blackthorn,tt1629705
chasing mavericks,tt1629757
courageous,tt1630036
enter nowhere,tt1631707
edge of tomorrow,tt1631867
creed,tt1632705
creed,tt3076658
creed,tt4354930
friends with benefits,tt1632708
shark night 3d,tt1633356
underdogs,tt1634003
underdogs,tt2123342
johnny english reborn,tt1634122
project x,tt1636826
in time,tt1637688
our idiot brother,tt1637706
ted,tt1637725
the man from u.n.c.l.e.,tt1638355
once upon a time in queens,tt1639397
hobo with a shotgun,tt1640459
jumping the broom,tt1640484
inside out,tt1640486
inside out,tt2071483
inside out,tt2096673
inside out,tt2608638
a few best men,tt1640711
the christmas bunny,tt1640714
below zero,tt1641388
the art of getting by,tt1645080
inside job,tt1645089
the dictator,tt1645170
how to train your dragon 2,tt1646971
wrath of the titans,tt1646987
million dollar arm,tt1647668
here comes the boom,tt1648179
the dark tower,tt1648190
the impossible,tt1649419
diary of a wimpy kid: rodrick rules,tt1650043
super 8,tt1650062
kick-ass 2,tt1650554
dysfunctional friends,tt1653002
jesse,tt1653203
my week with marilyn,tt1655420
the age of adaline,tt1655441
the artist,tt1655442
the artist,tt1825978
wanderlust,tt1655460
stolen,tt1656186
stolen,tt6215338
safe,tt1656190
safe,tt6383726
the comedian,tt1656194
the comedian,tt1967614
colombiana,tt1657507
freeheld,tt1658801
the perks of being a wallflower,tt1659337
cinderella,tt1661199
grudge match,tt1661382
polisse,tt1661420
fun size,tt1663143
the revenant,tt1663202
the revenant,tt3300078
christmas mail,tt1663628
pacific rim,tt1663662
middle men,tt1664697
pixels,tt1664775
pixels,tt2120120
all eyez on me,tt1666185
vampires suck,tt1666186
the duff,tt1666801
damsels in distress,tt1667307
deadfall,tt1667310
mirror mirror,tt1667353
ice age: continental drift,tt1667889
home run,tt1669617
home run,tt2051894
now you see me,tt1670345
now you see me,tt2221640
the sapphires,tt1673697
entourage,tt1674771
trespass,tt1674784
take shelter,tt1675192
checkmate,tt1675846
checkmate,tt3781616
ready player one,tt1677720
my last day without you,tt1679248
trolls,tt1679335
the algerian,tt1681370
stoker,tt1682180
circumstance,tt1684628
creature,tt1686018
creature,tt3619854
inferno,tt1686470
inferno,tt3062096
inferno,tt3219106
despicable me 2,tt1690953
plastic,tt1691450
plastic,tt2554700
plastic,tt2556874
before i fall,tt1691916
high road,tt1692084
carnage,tt1692486
carnage,tt6667360
highway,tt1693107
highway,tt2210657
highway,tt2980794
highway,tt4594050
the guilt trip,tt1694020
into the grizzly maze,tt1694021
the virginity hit,tt1695994
"alexander and the terrible, horrible, no good, very bad day",tt1698641
captive,tt1699745
captive,tt2386203
captive,tt3268668
peeples,tt1699755
sausage party,tt1700841
casa de mi padre,tt1702425
safe haven,tt1702439
justin bieber: never say never,tt1702443
archaeology of a woman,tt1702455
grave encounters,tt1703199
genius,tt1703957
genius,tt6925204
genius,tt7722258
genius,tt8919194
bernie,tt1704573
chronicle,tt1706593
snowpiercer,tt1706620
the last days on mars,tt1709143
joyful noise,tt1710396
office christmas party,tt1711525
alex cross,tt1712170
triple 9,tt1712261
the spectacular now,tt1714206
in the land of blood and honey,tt1714209
weekend,tt1714210
weekend,tt1791679
weekend,tt5167782
anna,tt1715336
anna,tt3673036
anna,tt3872918
anna,tt4898888
anna,tt6118134
anna,tt6427854
raymond did it,tt1716760
people like us,tt1716777
people like us,tt1758741
should've been romeo,tt1717210
another happy day,tt1719071
october baby,tt1720182
we're the millers,tt1723121
shame,tt1723811
shame,tt3009444
l!fe happens,tt1726589
before i go to sleep,tt1726592
killer joe,tt1726669
the way way back,tt1727388
scouts guide to the zombie apocalypse,tt1727776
bohemian rhapsody,tt1727824
the family,tt1728973
the family,tt2404311
the family,tt4155318
the family,tt5029482
the family,tt5161028
the family,tt6107516
darling companion,tt1730687
ender's game,tt1731141
the lords of salem,tt1731697
eden,tt1734433
eden,tt2063641
eden,tt3032282
eden,tt3090634
eden,tt7539088
eden,tt9174880
snow white and the huntsman,tt1735898
open secret,tt1739304
secret in their eyes,tt1741273
jersey boys,tt1742044
sabotage,tt1742334
your sister's sister,tt1742336
i don't know how she does it,tt1742650
blood ties,tt1747958
blood ties,tt2941230
moonrise kingdom,tt1748122
red lights,tt1748179
sound of my voice,tt1748207
the collection,tt1748227
the ghastly love of johnny x,tt1754633
brothers,tt1754838
brothers,tt3042592
brothers,tt3650484
brothers,tt3802576
brothers,tt4952376
brothers,tt6314294
brothers,tt6447400
brothers,tt8655740
twixt,tt1756851
blue like jazz,tt1758575
like crazy,tt1758692
like crazy,tt4621872
the to do list,tt1758795
the snowman,tt1758810
this is 40,tt1758830
the first time,tt1763303
arbitrage,tt1764183
killing them softly,tt1764234
subconscious,tt1764615
subconscious,tt2909932
the expendables 2,tt1764651
silent house,tt1767382
the giant mechanical man,tt1769363
apollo 18,tt1772240
the curse of downers grove,tt1772261
danny collins,tt1772288
nerve,tt1772317
nerve,tt2495778
nerve,tt3531824
nerve,tt5324464
wreck-it ralph,tt1772341
trade of innocents,tt1772408
outside bet,tt1772422
the intruder,tt1773741
the intruder,tt6722030
50 to 1,tt1777595
paranormal activity 3,tt1778304
anna karenina,tt1781769
burn,tt1781784
hands of stone,tt1781827
no escape,tt1781922
the ridges,tt1781935
widows,tt1785670
widows,tt4218572
madea's big happy family,tt1787759
kill list,tt1788391
pirates of the caribbean: dead men tell no tales,tt1790809
the maze runner,tt1790864
zero dark thirty,tt1790885
the campaign,tt1790886
the campaign,tt2411684
inherent vice,tt1791528
while we're young,tt1791682
cirque du soleil: worlds away,tt1792647
rudderless,tt1798243
this is martin bonner,tt1798291
southpaw,tt1798684
her,tt1798709
american hustle,tt1800241
that awkward moment,tt1800246
lords of london,tt1800337
step up revolution,tt1800741
gotti,tt1801552
mama,tt1805319
mama,tt1868050
mama,tt2023587
mama,tt3843072
mama,tt5437970
son of god,tt1805411
son of god,tt3210686
unbroken,tt1809398
little boy,tt1810683
admission,tt1814621
after earth,tt1815862
the place beyond the pines,tt1817273
freaks of nature,tt1817771
nebraska,tt1821549
the nut job,tt1821658
red 2,tt1821694
sparrows dance,tt1822311
reagan,tt1822382
annie,tt1823664
chappie,tt1823672
black panther,tt1825683
about last night,tt1826590
life of the party,tt1826727
life of the party,tt5619332
airborne,tt1827354
the gambler,tt1828325
the gambler,tt2039393
the gambler,tt2843832
the gambler,tt2924336
the gambler,tt9447594
space pirate captain harlock,tt1832471
dhoom 3,tt1833673
chloe,tt1833881
all superheroes must die,tt1836212
red sky,tt1836838
red sky,tt1946381
red sky,tt3396636
red sky,tt6950432
queen of the desert,tt1837636
the fifth estate,tt1837703
truth or die,tt1838722
true bromance,tt1839425
the face of love,tt1839642
divergent,tt1840309
the words,tt1840417
demonic,tt1841642
demonic,tt8816388
crossroads,tt1842448
crossroads,tt1848834
crossroads,tt1980074
crossroads,tt2219370
crossroads,tt4080474
crossroads,tt8106586
captain america: the winter soldier,tt1843866
inescapable,tt1844203
trash,tt1846800
trash,tt1921149
crawl,tt1848832
crawl,tt2181875
to write love on her arms,tt1850418
sisters,tt1850457
sisters,tt2612800
sisters,tt9851050
django unchained,tt1853728
you're next,tt1853739
percy jackson: sea of monsters,tt1854564
end of watch,tt1855199
resident evil: retribution,tt1855325
tim and eric's billion dollar movie,tt1855401
blade runner 2049,tt1856101
to rome with love,tt1859650
dirty grandpa,tt1860213
turbo,tt1860353
deepwater horizon,tt1860357
hayride,tt1861343
safety not guaranteed,tt1862079
detention of the dead,tt1865346
the sessions,tt1866249
race,tt1867035
race,tt3499096
filly brown,tt1869425
life,tt1869538
life,tt2948840
life,tt5442430
the east,tt1869716
won't back down,tt1870529
won't back down,tt3779570
the amazing spider-man 2,tt1872181
the judge,tt1872194
the judge,tt6246092
supporting characters,tt1874789
sparkle,tt1876451
x-men: days of future past,tt1877832
the darkness,tt1878841
the darkness,tt4935746
the edge of seventeen,tt1878870
newlyweds,tt1880418
maggie,tt1881002
maggie,tt9000062
the looking glass,tt1883370
the looking glass,tt2912776
girls gone dead,tt1884318
spotlight,tt1895587
spotlight,tt7785302
parker,tt1904996
hardflip,tt1907639
flight,tt1907668
miss bala,tt1911600
miss bala,tt5941692
the call,tt1911644
the call,tt2926868
the call,tt4741754
penguins of madagascar,tt1911658
nurse 3d,tt1913166
magic mike,tt1915581
bachelorette,tt1920849
pompeii,tt1921064
glee: the 3d concert movie,tt1922612
open road,tt1922679
phantom,tt1922685
phantom,tt3088580
phantom,tt3469244
phantom,tt7598276
sinister,tt1922777
heaven is for real,tt1929263
black rock,tt1930294
the big wedding,tt1931435
seven psychopaths,tt1931533
heroes of dirt,tt1934172
mud,tt1935179
mud,tt2514592
the brass teapot,tt1935902
now is good,tt1937264
carrie,tt1939659
indie game: the movie,tt1942884
the wicked within,tt1943014
morgan,tt1943765
morgan,tt4520364
begin again,tt1945037
begin again,tt1980929
exeter,tt1945044
exeter,tt2782686
uglydolls,tt1946502
drunk wedding,tt1950135
the immigrant,tt1951181
the hunger games: catching fire,tt1951264
the hunger games: mockingjay - part 1,tt1951265
the hunger games: mockingjay - part 2,tt1951266
sex tape,tt1956620
roadside,tt1958007
american assassin,tt1961175
the house,tt1961562
the house,tt2408288
the house,tt3425402
the house,tt4481514
tomorrowland,tt1964418
tomorrowland,tt7728220
father figures,tt1966359
father figures,tt2925960
destiny,tt1966412
destiny,tt3231362
destiny,tt3523348
labor day,tt1967545
tag,tt1967669
tag,tt2854926
tag,tt4439120
compliance,tt1971352
a most wanted man,tt1972571
king arthur: legend of the sword,tt1972591
the best of me,tt1972779
the neon demon,tt1974419
victor frankenstein,tt1976009
sholem aleichem: laughing in the darkness,tt1976608
rush,tt1979320
rush,tt1987632
rush,tt2256514
the good dinosaur,tt1979388
pain & gain,tt1980209
the young and prodigious t.s. spivet,tt1981107
thor: the dark world,tt1981115
geostorm,tt1981128
pitch perfect,tt1981677
the harvest/la cosecha,tt1981703
the angry birds movie,tt1985949
cloudy with a chance of meatballs 2,tt1985966
the upside,tt1987680
theresa is a mother,tt1989646
robot & frank,tt1990314
teeth and blood,tt1991199
chernobyl diaries,tt1991245
always woodstock,tt1995477
nightlights,tt1997621
kevin hart: laugh at my pain,tt1999192
hell fest,tt1999890
machete kills,tt2002718
neighbors,tt2004420
neighbors,tt9392532
war dogs,tt2005151
the frozen ground,tt2005374
the 33,tt2006295
believe,tt2009606
believe,tt4700756
no good deed,tt2011159
banshee chapter,tt2011276
guardians of the galaxy,tt2015381
walter,tt2016335
walter,tt9680064
the smurfs 2,tt2017020
all is lost,tt2017038
closer to the moon,tt2017486
the kick,tt2020110
diary of a wimpy kid: dog days,tt2023453
identity thief,tt2024432
non-stop,tt2024469
straight a's,tt2024506
12 years a slave,tt2024544
the finest hours,tt2025690
freedom,tt2028482
freedom,tt2584018
freedom,tt4701906
freedom,tt7268744
the reluctant fundamentalist,tt2032557
uss indianapolis: men of courage,tt2032572
the last exorcism part ii,tt2034139
the great wall,tt2034800
the great wall,tt7535780
"pink ribbons, inc.",tt2035599
flatliners,tt2039338
alien uprising,tt2040578
inside llewyn davis,tt2042568
awol-72,tt2048865
sanctuary; quite a conundrum,tt2049518
water & power,tt2052015
side effects,tt2053463
eye in the sky,tt2057392
the railway man,tt2058107
point break,tt2058673
13 sins,tt2059171
rocketman,tt2066051
dangerous liaisons,tt2071441
dawn patrol,tt2073661
home,tt2075392
home,tt2093100
home,tt2224026
home,tt2372760
home,tt2393825
home,tt2545384
home,tt4047846
home,tt8601408
holy motors,tt2076220
hush,tt2077772
hush,tt4828062
hush,tt5022702
steve jobs,tt2080374
hansel & gretel get baked,tt2081194
the best man holiday,tt2083355
trouble with the curve,tt2083383
the imitation game,tt2084970
down and dangerous,tt2090488
captain underpants: the first epic movie,tt2091256
treading water,tt2091427
promised land,tt2091473
grace of monaco,tt2095649
dumb and dumber to,tt2096672
"mcfarland, usa",tt2097298
a.c.o.r.n.s.: operation crackdown,tt2097333
antiviral,tt2099556
living dark: the story of ted the caver,tt2100573
dead man down,tt2101341
spring breakers,tt2101441
tammy,tt2103254
dawn of the planet of the apes,tt2103281
into the storm,tt2106361
a plague so pleasant,tt2107644
paranormal activity 4,tt2109184
transformers: age of extinction,tt2109248
diamond ruff,tt2111292
mutual friends,tt2112209
swelter,tt2112277
elsa & fred,tt2113659
the final girls,tt2118624
the final girls,tt7011980
hacksaw ridge,tt2119532
the house with a clock in its walls,tt2119543
alpha,tt2121250
alpha,tt3166734
alpha,tt4244998
home again,tt2121286
home again,tt5719700
the circle,tt2122313
the circle,tt2786328
the circle,tt2943946
the circle,tt3148952
the circle,tt4287320
an american in hollywood,tt2125430
beasts of the southern wild,tt2125435
truth or dare,tt2125681
truth or dare,tt2321661
truth or dare,tt2762738
truth or dare,tt5944422
truth or dare,tt6772950
san andreas,tt2126355
second act,tt2126357
the hadza: last of the first,tt2139721
long shot,tt2139881
jane got a gun,tt2140037
saving mr. banks,tt2140373
self/less,tt2140379
the accountant,tt2140479
two night stand,tt2140619
food chains,tt2141739
midnight cabaret,tt2145676
black november,tt2147225
snow white: a deadly summer,tt2149137
the walk,tt2159988
the walk,tt3488710
fear clinic,tt2165765
khiladi 786,tt2166214
getaway,tt2167202
bad words,tt2170299
horrible bosses 2,tt2170439
st. vincent,tt2170593
3 days to kill,tt2172934
metallica through the never,tt2172935
jab tak hai jaan,tt2176013
as it is in heaven,tt2176228
the monuments men,tt2177771
yeh jawaani hai deewani,tt2178470
american sniper,tt2179136
crowsnest,tt2180333
into the woods,tt2180411
into the woods,tt2191715
into the woods,tt2201083
bending steel,tt2181837
song one,tt2182972
earth to echo,tt2183034
the purge,tt2184339
escape from tomorrow,tt2187884
the sound and the shadow,tt2190180
grown ups 2,tt2191701
the counselor,tt2193215
about time,tt2194499
run all night,tt2199571
transcendence,tt2202408
transcendence,tt2209764
the other woman,tt2203939
addicted,tt2205401
addicted,tt3587066
before midnight,tt2209418
survivor,tt2215463
survivor,tt3247714
survivor,tt3297792
the timber,tt2215673
katy perry: part of me,tt2215719
draft day,tt2223990
lucky dog,tt2224445
lucky dog,tt3149360
the jungle book,tt2226178
the jungle book,tt3040964
not safe for work,tt2226495
plush,tt2226519
enter the dangerous mind,tt2229377
don jon,tt2229499
wild card,tt2231253
rampage,tt2231461
kin,tt2233624
kin,tt6017942
coffee town,tt2234025
the internship,tt2234155
dear white people,tt2235108
aztec warrior,tt2237914
valerian and the city of a thousand planets,tt2239822
think like a man too,tt2239832
money monster,tt2241351
left behind,tt2243377
left behind,tt2467046
a haunted house,tt2243537
big hero 6,tt2245084
born to fly: elizabeth streb vs. gravity,tt2246526
when the game stands tall,tt2247476
departure,tt2248739
zulu,tt2249221
spider-man: homecoming,tt2250912
the book of life,tt2262227
the book of life,tt6716346
the founder,tt2262282
the founder,tt4276820
the maid's room,tt2263814
drinking buddies,tt2265398
kung fu panda 3,tt2267968
gone girl,tt2267998
magic mike xxl,tt2268016
forsaken,tt2271563
forsaken,tt2700194
forsaken,tt4798436
forsaken,tt5127300
forsaken,tt5811154
vessel,tt2272998
vessel,tt3311588
hellboy,tt2274648
friend request,tt2277308
friend request,tt3352390
friend request,tt4859526
finding dory,tt2277860
the grand budapest hotel,tt2278388
love the coopers,tt2279339
the spongebob movie: sponge out of water,tt2279373
muppets most wanted,tt2281587
jumanji: welcome to the jungle,tt2283362
along the roadside,tt2290113
the canyons,tt2292959
minions,tt2293640
22 jump street,tt2294449
the image revolution,tt2294916
falcon rising,tt2295722
concussion,tt2296697
concussion,tt3322364
sherlock gnomes,tt2296777
miss julie,tt2298738
miss julie,tt2667960
olympus has fallen,tt2302755
23 blast,tt2304459
mandela: long walk to freedom,tt2304771
the 5th wave,tt2304933
wild,tt2305051
wild,tt4071086
wild,tt6383452
wild,tt7480724
the gallows,tt2309260
ten,tt2309562
ten,tt2496400
ten,tt6415838
the gatekeepers,tt2309788
the hobbit: the battle of the five armies,tt2310332
windsor drive,tt2311428
homefront,tt2312718
homefront,tt2558484
alien: covenant,tt2316204
beauty and the beast,tt2316801
beauty and the beast,tt2771200
sharkskin,tt2317796
endless love,tt2318092
triangle,tt2319426
queen crab,tt2319456
abcd (any body can dance),tt2321163
the babadook,tt2321549
fifty shades of grey,tt2322441
strangerland,tt2325977
the expendables 3,tt2333784
fruitvale station,tt2334649
blue jasmine,tt2334873
white house down,tt2334879
the dirties,tt2334896
the word,tt2338341
the word,tt3509804
echo dr.,tt2343473
parkland,tt2345112
the rover,tt2345737
the mummy,tt2345759
frances ha,tt2347569
grace unplugged,tt2349460
the lunchbox,tt2350496
thank you for your service,tt2352196
thank you for your service,tt2776878
jobs,tt2357129
rio 2,tt2357291
unfinished business,tt2358925
unfinished business,tt4998626
blue ruin,tt2359024
live by night,tt2361317
the intern,tt2361509
antarctica: a year on ice,tt2361700
the frozen,tt2363439
runner runner,tt2364841
the disappointments room,tt2364897
lost river,tt2366608
need for speed,tt2369135
dry spell,tt2375036
the act of killing,tt2375605
deliver us from evil,tt2377322
spectre,tt2379713
treachery,tt2380301
coco,tt2380307
coco,tt7002100
brooklyn,tt2381111
brooklyn,tt3184798
focus,tt2381941
focus,tt2949588
joe,tt2382396
how to train your dragon: the hidden world,tt2386490
dark skies,tt2387433
delivery man,tt2387559
the girl on the train,tt2387589
the girl on the train,tt3631112
1982,tt2388621
ain't them bodies saints,tt2388637
oculus,tt2388715
cheap thrills,tt2389182
max,tt2390281
max,tt3369806
enough said,tt2390361
kursk,tt2392373
avengers: age of ultron,tt2395427
20 feet from stardom,tt2396566
the homesman,tt2398231
smurfs: the lost village,tt2398241
they came together,tt2398249
the invitation,tt2400463
anomalisa,tt2401878
jimi: all is by my side,tt2402085
dom hemingway,tt2402105
the november man,tt2402157
carol,tt2402927
the green inferno,tt2403021
desert dancer,tt2403393
love in the time of monsters,tt2403415
aroused,tt2403815
gods of egypt,tt2404233
woman in gold,tt2404425
the magnificent seven,tt2404435
the heat,tt2404463
atomic blonde,tt2406566
test,tt2407380
test,tt4131188
adrift,tt2408090
adrift,tt6306064
the perfect wave,tt2414822
30 nights of paranormal activity with the devil inside the girl with the dragon tattoo,tt2417650
butterfly girl,tt2421956
midway,tt2428672
philomena,tt2431286
project almanac,tt2436386
"run, hide, die",tt2442662
the boy,tt2443822
the boy,tt3882082
taken 3,tt2446042
zombie hunter,tt2446502
the peanuts movie,tt2452042
mi america,tt2460506
and so it goes,tt2465146
her cry: la llorona investigation,tt2469216
paranormal activity: the ghost dimension,tt2473510
get on up,tt2473602
paranormal activity: the marked ones,tt2473682
mr. turner,tt2473794
the last five years,tt2474024
the ridiculous 6,tt2479478
palo alto,tt2479800
the square,tt2486682
the square,tt2486682
the square,tt4995790
the square,tt4995790
bone tomahawk,tt2494362
aloft,tt2494384
loving,tt2495212
loving,tt4669986
loving,tt5479616
speak no evil,tt2503358
burnt,tt2503944
broken horses,tt2503954
ask me anything,tt2505294
frontera,tt2510028
frontera,tt2657944
hotel transylvania 2,tt2510894
escobar: paradise lost,tt2515030
the gunman,tt2515034
one direction: this is us,tt2515086
blockers,tt2531344
youth,tt2536448
youth,tt2670524
youth,tt3312830
youth,tt5671384
youth,tt6654316
arrival,tt2543164
wonder,tt2543472
the light between oceans,tt2547584
"cinco de mayo, la batalla",tt2553908
crimson peak,tt2554274
the second best exotic marigold hotel,tt2555736
pacific rim: uprising,tt2557478
a million ways to die in the west,tt2557490
give me shelter,tt2559658
ballerina,tt2560702
get hard,tt2561572
birdman or (the unexpected virtue of ignorance),tt2562232
alice through the looking glass,tt2567026
going in style,tt2568862
me and earl and the dying girl,tt2582496
shut in,tt2582500
hell or high water,tt2582782
whiplash,tt2582802
the fault in our stars,tt2582846
resident evil: the final chapter,tt2592614
kevin hart: let me explain,tt2609912
bleeding hearts,tt2622294
the last station,tt2627798
the last station,tt3436064
pump,tt2630916
baahubali: the beginning,tt2631186
ted 2,tt2637276
hot tub time machine 2,tt2637294
the brain that sings,tt2638024
ben-hur,tt2638144
independence daysaster,tt2645670
midnight special,tt2649554
sultan,tt2650286
sultan,tt4832640
deceptive practice: the mysteries and mentors of ricky jay,tt2654360
bang bang baby,tt2655734
split,tt2660118
split,tt3315656
split,tt3604256
split,tt4972582
split,tt5495666
split,tt6147768
star trek beyond,tt2660888
fences,tt2671706
me before you,tt2674426
churchill,tt2674454
hitman: agent 47,tt2679042
the d train,tt2690138
shooting the warwicks,tt2690560
night at the museum: secret of the tomb,tt2692250
locke,tt2692904
amnesiac,tt2693114
amnesiac,tt2837336
the boss,tt2702724
all you need is love,tt2704210
all you need is love,tt4971480
all you need is love,tt8161226
above and beyond,tt2704752
game night,tt2704998
us,tt2708782
us,tt4862056
us,tt6857112
the secret life of pets,tt2709768
fury,tt2713180
blackhat,tt2717822
ida,tt2718492
everest,tt2719848
birth of the dragon,tt2720826
jungle shuffle,tt2722786
the sleepwalker,tt2723576
the longest ride,tt2726560
bird box,tt2737304
the christmas candle,tt2739338
rosewater,tt2752688
devil's due,tt2752758
sinister 2,tt2752772
dutch kills,tt2759066
faith connections,tt2768766
veronica mars,tt2771372
top five,tt2784678
the interview,tt2788710
the opposite sex,tt2796678
the night visitor,tt2797642
annihilation,tt2798920
atlas shrugged: who is john galt?,tt2800038
kingsman: the secret service,tt2802144
united passions,tt2814362
furious 7,tt2820852
rock dog,tt2822672
mike and dave need wedding dates,tt2823054
the outrageous sophie tucker,tt2825768
a haunted house 2,tt2828996
pitch perfect 2,tt2848292
heli,tt2852376
tiger orange,tt2866824
ride along 2,tt2869728
"as above, so below",tt2870612
wish i was here,tt2870708
nightcrawler,tt2872718
lucy,tt2872732
lucy,tt6142034
red sparrow,tt2873282
black or white,tt2883434
i origins,tt2884206
manglehorn,tt2893490
obvious child,tt2910274
the signal,tt2910814
the dressmaker,tt2910904
john wick,tt2911666
r100,tt2914838
the lazarus effect,tt2918436
american heist,tt2923316
higher power,tt2924392
a most violent year,tt2937898
the hatching,tt2938464
the transporter refueled,tt2938956
the rise of the krays,tt2945796
zootopia,tt2948356
greater,tt2950418
happy christmas,tt2955096
the face of an angel,tt2967008
hot pursuit,tt2967224
drive hard,tt2968804
alvin and the chipmunks: the road chip,tt2974918
the purge: anarchy,tt2975578
batman v superman: dawn of justice,tt2975590
dolphin tale 2,tt2978462
a hologram for the king,tt2980210
the theory of everything,tt2980516
the hundred-foot journey,tt2980648
let's kill ward's wife,tt2980708
camp x-ray,tt2994190
the water diviner,tt3007512
the lego ninjago movie,tt3014284
criminal,tt3014866
the vatican exorcisms,tt3043194
mortdecai,tt3045616
hardcore henry,tt3072482
the past is a grotesque animal,tt3072636
suffragette,tt3077214
monster trucks,tt3095734
tusk,tt3099498
barfi,tt3099638
the masked saint,tt3103166
da sweet blood of jesus,tt3104930
crazy rich asians,tt3104988
por amor en el caserio,tt3107890
road hard,tt3110770
now you see me 2,tt3110958
8 days,tt3111864
beyond the lights,tt3125324
bucky and the squirrels,tt3126876
light from the darkroom,tt3130704
unsullied,tt3139764
hits,tt3145220
thunder and the house of magic,tt3148834
fight to the finish,tt3152288
trainwreck,tt3152624
dawn of the crescent moon,tt3157318
rock the kasbah,tt3164256
room,tt3170832
the diary of a teenage girl,tt3172532
the boy next door,tt3181822
bitter harvest,tt3182620
fantastic beasts and where to find them,tt3183660
barbecue,tt3202120
barbecue,tt6090268
western religion,tt3210710
i am wrath,tt3212232
incarnate,tt3216348
it follows,tt3235888
the bounce back,tt3253232
brotherly love,tt3262990
brotherly love,tt6096190
sully,tt3263904
heist,tt3276924
heist,tt5112932
creative control,tt3277624
hidden away,tt3289362
welcome to marwen,tt3289724
london has fallen,tt3300542
stung,tt3300572
american ultra,tt3316948
still alice,tt3316960
regression,tt3319920
annabelle,tt3322940
pan,tt3332064
antibirth,tt3333870
the veil,tt3343868
the veil,tt3533916
zipper,tt3346224
jigsaw,tt3348730
doc holliday's revenge,tt3359872
compadres,tt3367294
transformers: the last knight,tt3371366
the brothers grimsby,tt3381008
x-men: apocalypse,tt3385516
jack reacher: never go back,tt3393786
sicario,tt3397884
oddball,tt3401748
oddball,tt5811420
fist fight,tt3401882
murder on the orient express,tt3402236
chemical cut,tt3406296
ferdinand,tt3411444
a monster calls,tt3416532
ice age: collision course,tt3416828
america is still the place,tt3417110
horse camp,tt3421204
paul blart: mall cop 2,tt3450650
war for the planet of the apes,tt3450958
10 days in a madhouse,tt3453052
the hateful eight,tt3460252
the lobster,tt3464902
despicable me 3,tt3469046
z storm,tt3469440
sing,tt3470600
vice,tt3480796
vice,tt6266538
the nut job 2: nutty by nature,tt3486626
captain america: civil war,tt3498820
the walking deceased,tt3499458
thor: ragnarok,tt3501632
housebound,tt3504048
close range,tt3511596
the lego movie 2: the second part,tt3513498
the disaster artist,tt3521126
moana,tt3521164
mechanic: resurrection,tt3522806
#horror,tt3526286
the night before,tt3530002
the night before,tt6006924
american made,tt3532216
unnatural,tt3551400
whiskey tango foxtrot,tt3553442
legend,tt3555036
legend,tt3569230
girls trip,tt3564472
undivided,tt3564748
vaalu,tt3566698
the other side of the door,tt3566920
the other side of the door,tt3702652
not cool,tt3569356
bilal: a new breed of hero,tt3576728
perfect cowboy,tt3581098
knock knock,tt3605418
knock knock,tt6096414
cars 3,tt3606752
incredibles 2,tt3606756
a street cat named bob,tt3606888
mommy,tt3612616
jem and the holograms,tt3614530
paper towns,tt3622592
ricki and the flash,tt3623726
mutant world,tt3626436
barbershop: the next cut,tt3628584
allied,tt3640424
misconduct,tt3658772
the martian,tt3659388
h.,tt3666210
bodom,tt3669462
bridge of spies,tt3682448
fugly,tt3683702
criminal activities,tt3687310
the bfg,tt3691740
daisy winters,tt3702088
by the sea,tt3707106
by the sea,tt4301034
unfriended,tt3713166
underworld: blood wars,tt3717252
power rangers,tt3717490
my all-american,tt3719896
american honey,tt3721936
irreplaceable,tt3721958
irreplaceable,tt5078326
the lady in the van,tt3722070
gifted,tt3727750
gifted,tt4023894
gifted,tt4481414
kong: skull island,tt3731562
godzilla: king of the monsters,tt3741700
lion,tt3741834
lion,tt4685968
rogue one: a star wars story,tt3748528
my big fat greek wedding 2,tt3760922
the equalizer 2,tt3766354
"hello, my name is doris",tt3766394
snowden,tt3774114
solo: a star wars story,tt3778644
la la land,tt3783958
we are your friends,tt3787590
the nice guys,tt3799694
cop car,tt3813310
the predator,tt3829266
only the brave,tt3829920
war room,tt3832914
31,tt3835080
yoga hosers,tt3838992
the overnight,tt3844362
happy 40th,tt3847958
dope,tt3850214
krampus,tt3850590
chiamatemi francesco - il papa della gente,tt3856124
the bronze,tt3859304
dumbo,tt3861390
the perfect guy,tt3862750
bajrangi bhaijaan,tt3863552
the boss baby,tt3874544
stronger,tt3881784
stronger,tt5738152
stronger,tt7130472
baby driver,tt3890160
alleluia! the devil's carnival,tt3892618
the space between us,tt3922818
teenage mutant ninja turtles: out of the shadows,tt3949660
popstar: never stop never stopping,tt3960412
mustang,tt3966404
stories of our lives,tt3973612
amidst the devil's wings,tt3976258
meet the mormons,tt4003774
the bye bye man,tt4030600
manchester by the sea,tt4034228
swiss army man,tt4034354
adulterers,tt4044464
maze runner: the scorch trials,tt4046784
the shallows,tt4052882
do you believe?,tt4056738
do you believe?,tt6960218
code of honor,tt4060866
green room,tt4062536
rodeo girl,tt4062896
the dog lover,tt4063178
the darkest minds,tt4073790
sardaar ji,tt4080386
dheepan,tt4082068
the purge: election year,tt4094724
forever my girl,tt4103724
the lego batman movie,tt4116284
fantastic beasts: the crimes of grindelwald,tt4123430
florence foster jenkins,tt4136084
keanu,tt4139124
captain marvel,tt4154664
avengers: infinity war,tt4154756
replicas,tt4154916
free fire,tt4158096
rotor dr1,tt4162992
woodlawn,tt4183692
meet the blacks,tt4191580
the promise,tt4192918
the promise,tt4776998
the promise,tt6072400
the promise,tt7232438
the birth of a nation,tt4196450
jason bourne,tt4196776
top spin,tt4219836
the fits,tt4238858
kicks,tt4254584
miracles from heaven,tt4257926
the witch,tt4263482
krisha,tt4266638
fight valley,tt4280822
kubo and the two strings,tt4302938
they will have to kill us first,tt4333662
90 minutes in heaven,tt4337690
chain of command,tt4340720
queen of katwe,tt4341582
ouija: origin of evil,tt4361050
julija in alfa romeo,tt4374230
emily,tt4393036
ma,tt4410770
ma,tt7958736
ma,tt9293690
in dubious battle,tt4411618
two lovers and a bear,tt4412528
shark lake,tt4416518
neighbors 2: sorority rising,tt4438848
running forever,tt4453560
counting,tt4462082
fifty shades darker,tt4465564
fifty shades freed,tt4477536
why him?,tt4501244
the meddler,tt4501454
the prodigy,tt4504044
white boy rick,tt4537896
miss sloane,tt4540710
the girl with all the gifts,tt4547056
nocturnal animals,tt4550098
darkest hour,tt4555426
mile 22,tt4560436
patriots day,tt4572514
sleight,tt4573516
christopher robin,tt4575576
la chambre bleue,tt4586720
the star,tt4587656
karachi se lahore,tt4590482
can you ever forgive me?,tt4595882
glass,tt4598720
glass,tt5144236
glass,tt6823368
romantic schemer,tt4607906
battle of the sexes,tt4622512
storks,tt4624424
the fate of the furious,tt4630562
braid,tt4638148
denial,tt4645330
denial,tt5897002
almost christmas,tt4649416
kingsman: the golden circle,tt4649466
bad moms,tt4651520
all saints,tt4663548
fifty shades of black,tt4667094
kevin hart: what now?,tt4669186
on the basis of sex,tt4669788
collateral beauty,tt4682786
it comes at night,tt4695012
hunt for the wilderpeople,tt4698684
bumblebee,tt4701182
early man,tt4701724
book club,tt4727712
book club,tt6857166
american hero,tt4733536
air strike,tt4743226
unfriended: dark web,tt4761916
pitch perfect 3,tt4765284
lbj,tt4778988
the meg,tt4779682
eli,tt4786638
how to be a latin lover,tt4795124
rough night,tt4799050
the best of enemies,tt4807408
hidden figures,tt4846340
blood feast,tt4847546
baahubali 2: the conclusion,tt4849438
the perfect match,tt4871980
the emoji movie,tt4877122
jurassic world: fallen kingdom,tt4881806
burn your maps,tt4882548
the resurrection of gavin stone,tt4902904
lady bird,tt4925292
the sisters brothers,tt4971344
moonlight,tt4975722
middle school: the worst years of my life,tt4981636
mandy,tt4995858
mandy,tt6998518
time to choose,tt5001130
"everything, everything",tt5001718
dunkirk,tt5013056
"three billboards outside ebbing, missouri",tt5027774
mary poppins returns,tt5028340
get out,tt5052448
sicario: day of the soldado,tt5052474
dangal,tt5074352
dangal,tt5911540
the favourite,tt5083738
ant-man and the wasp,tt5095030
mother!,tt5109784
the secret life of pets 2,tt5113040
peter rabbit,tt5117670
annabelle: creation,tt5140878
indivisible,tt5147828
indivisible,tt5259496
indivisible,tt6512428
backstabbing for beginners,tt5153288
"love, simon",tt5164432
columbus,tt5203734
columbus,tt5990474
columbus,tt9899880
hotel transylvania 3: summer vacation,tt5220122
paterson,tt5247022
marshall,tt5301662
happy death day,tt5308322
sgt. stubby: an american hero,tt5314190
wish upon,tt5322012
lean on pete,tt5340300
the hurricane heist,tt5360952
logan lucky,tt5439796
the big sick,tt5462602
deadpool 2,tt5463162
bright,tt5519340
the nutcracker and the four realms,tt5523010
"i, tonya",tt5580036
the hate u give,tt5580266
the shape of water,tt5580390
night school,tt5599520
night school,tt6781982
thoroughbreds,tt5649108
the florida project,tt5649144
goosebumps 2: haunted halloween,tt5664636
sorry to bother you,tt5688932
slender man,tt5690360
slender man,tt5897302
cold pursuit,tt5719748
just getting started,tt5721088
insidious: the last key,tt5726086
the possession of hannah grace,tt5734576
skyscraper,tt5758778
i am not your negro,tt5804038
let there be light,tt5804314
let there be light,tt6184774
hotel artemis,tt5834262
ralph breaks the internet,tt5848272
the professor and the madman,tt5932728
unhinged,tt5940342
captive state,tt5968394
"roman j. israel, esq.",tt6000478
diary of a wimpy kid: the long haul,tt6003368
first reformed,tt6053438
acrimony,tt6063050
late night,tt6107548
the first purge,tt6133466
aladdin,tt6139732
posledniy bogatyr,tt6175394
smallfoot,tt6182908
a ghost story,tt6265828
patti cake$,tt6288250
the post,tt6294822
icarus,tt6333060
creed ii,tt6343314
a quiet place,tt6347308
a quiet place,tt6644200
a bad moms christmas,tt6359956
proud mary,tt6421110
the sun is also a star,tt6423362
wonder park,tt6428676
i can only imagine,tt6450186
five feet apart,tt6472976
serenity,tt6476140
action point,tt6495770
upgrade,tt6499752
upgrade,tt6739824
fighting with my family,tt6513120
dark phoenix,tt6565702
bad times at the el royale,tt6628394
i feel pretty,tt6791096
the 15:17 to paris,tt6802308
the kid who would be king,tt6811018
peppermint,tt6850820
green book,tt6966692
eighth grade,tt7014006
a simple favor,tt7040874
velvet buzzsaw,tt7043012
if beale street could talk,tt7125860
destroyer,tt7137380
breaking in,tt7137846
unsane,tt7153766
hearts beat loud,tt7158430
uncle drew,tt7334528
blackkklansman,tt7349662
el chicano,tt7374952
"paul, apostle of christ",tt7388562
instant family,tt7401588
teen titans go! to the movies,tt7424200
ben is back,tt7545524
what men want,tt7634968
superfly,tt7690670
brightburn,tt7752126
hereditary,tt7784604
red 11,tt7837402
dragon ball super: broly,tt7961060
teefa in trouble,tt8043306
happy death day 2u,tt8155288
blinded by the light,tt8266310
perfectos desconocidos,tt8580348
fahrenheit 11/9,tt8632862
unplanned,tt9024106
